order,rho,ori_id,size,fill_a,fill_b,job_name,pod_name,arrival_timestamp,pod_creation_timestamp,container_creation_timestamp,container_started_at,finished_at,scheduled_at,queue_wait_seconds,deadline_timestamp
1,low,18,280,22,77,job-matrix-mult-18,,2026-04-17T18:34:32Z,,,,,,,
2,low,7,400,99,98,job-matrix-mult-7,,2026-04-17T18:39:52Z,,,,,,,
3,low,22,330,36,44,job-matrix-mult-22,,2026-04-17T18:41:06Z,,,,,,,
4,low,12,220,5,96,job-matrix-mult-12,,2026-04-17T18:42:53Z,,,,,,,
5,low,20,310,9,90,job-matrix-mult-20,,2026-04-17T18:42:56Z,,,,,,,
6,low,49,630,74,38,job-matrix-mult-49,,2026-04-17T18:44:08Z,,,,,,,
7,low,48,620,2,95,job-matrix-mult-48,,2026-04-17T18:44:40Z,,,,,,,
8,low,23,340,82,7,job-matrix-mult-23,,2026-04-17T18:46:33Z,,,,,,,
9,low,47,610,61,9,job-matrix-mult-47,,2026-04-17T18:51:16Z,,,,,,,
10,low,67,830,35,69,job-matrix-mult-67,,2026-04-17T18:55:42Z,,,,,,,
11,low,5,200,19,46,job-matrix-mult-5,,2026-04-17T18:56:17Z,,,,,,,
12,low,59,740,52,17,job-matrix-mult-59,,2026-04-17T19:00:59Z,,,,,,,
13,low,11,210,73,12,job-matrix-mult-11,,2026-04-17T19:04:48Z,,,,,,,
14,low,2,700,14,35,job-matrix-mult-2,,2026-04-17T19:05:09Z,,,,,,,
15,low,98,1170,41,53,job-matrix-mult-98,,2026-04-17T19:05:32Z,,,,,,,
16,low,3,1000,42,87,job-matrix-mult-3,,2026-04-17T19:10:34Z,,,,,,,
17,low,32,440,48,29,job-matrix-mult-32,,2026-04-17T19:11:02Z,,,,,,,
18,low,99,1180,84,15,job-matrix-mult-99,,2026-04-17T19:16:55Z,,,,,,,
19,low,28,390,1,100,job-matrix-mult-28,,2026-04-17T19:17:08Z,,,,,,,
20,low,15,250,16,84,job-matrix-mult-15,,2026-04-17T19:19:17Z,,,,,,,
21,low,54,680,40,72,job-matrix-mult-54,,2026-04-17T19:20:39Z,,,,,,,
22,low,97,1160,23,80,job-matrix-mult-97,,2026-04-17T19:20:45Z,,,,,,,
23,low,86,1040,25,66,job-matrix-mult-86,,2026-04-17T19:22:45Z,,,,,,,
24,low,82,990,45,7,job-matrix-mult-82,,2026-04-17T19:22:54Z,,,,,,,
25,low,21,320,57,13,job-matrix-mult-21,,2026-04-17T19:23:08Z,,,,,,,
26,low,87,1050,71,29,job-matrix-mult-87,,2026-04-17T19:24:00Z,,,,,,,
27,low,8,600,50,50,job-matrix-mult-8,,2026-04-17T19:26:07Z,,,,,,,
28,low,63,780,46,36,job-matrix-mult-63,,2026-04-17T19:30:27Z,,,,,,,
29,low,27,380,63,19,job-matrix-mult-27,,2026-04-17T19:30:45Z,,,,,,,
30,low,43,560,6,91,job-matrix-mult-43,,2026-04-17T19:31:46Z,,,,,,,
31,low,68,840,24,57,job-matrix-mult-68,,2026-04-17T19:33:41Z,,,,,,,
32,low,100,1190,5,97,job-matrix-mult-100,,2026-04-17T19:39:10Z,,,,,,,
33,low,50,640,11,86,job-matrix-mult-50,,2026-04-17T19:39:39Z,,,,,,,
34,low,46,590,17,79,job-matrix-mult-46,,2026-04-17T19:40:02Z,,,,,,,
35,low,90,1080,56,39,job-matrix-mult-90,,2026-04-17T19:41:01Z,,,,,,,
36,low,81,980,20,91,job-matrix-mult-81,,2026-04-17T19:42:16Z,,,,,,,
37,low,57,720,7,88,job-matrix-mult-57,,2026-04-17T19:45:55Z,,,,,,,
38,low,31,430,8,83,job-matrix-mult-31,,2026-04-17T19:46:20Z,,,,,,,
39,low,13,230,88,31,job-matrix-mult-13,,2026-04-17T19:46:57Z,,,,,,,
40,low,75,920,4,80,job-matrix-mult-75,,2026-04-17T19:47:46Z,,,,,,,
41,low,4,1100,25,60,job-matrix-mult-4,,2026-04-17T19:48:36Z,,,,,,,
42,low,17,270,41,67,job-matrix-mult-17,,2026-04-17T19:52:48Z,,,,,,,
43,low,1,500,7,9,job-matrix-mult-1,,2026-04-17T19:54:10Z,,,,,,,
44,low,42,550,81,15,job-matrix-mult-42,,2026-04-17T19:56:16Z,,,,,,,
45,low,41,540,26,64,job-matrix-mult-41,,2026-04-17T19:57:24Z,,,,,,,
46,low,91,1090,2,88,job-matrix-mult-91,,2026-04-17T19:57:27Z,,,,,,,
47,low,79,960,31,47,job-matrix-mult-79,,2026-04-17T19:58:06Z,,,,,,,
48,low,71,870,6,99,job-matrix-mult-71,,2026-04-17T19:58:33Z,,,,,,,
49,low,62,770,13,82,job-matrix-mult-62,,2026-04-17T19:59:51Z,,,,,,,
50,low,85,1030,38,59,job-matrix-mult-85,,2026-04-17T20:01:04Z,,,,,,,
51,low,74,910,72,23,job-matrix-mult-74,,2026-04-17T20:02:06Z,,,,,,,
52,low,37,490,30,89,job-matrix-mult-37,,2026-04-17T20:03:04Z,,,,,,,
53,low,16,260,99,3,job-matrix-mult-16,,2026-04-17T20:03:58Z,,,,,,,
54,low,88,1060,47,12,job-matrix-mult-88,,2026-04-17T20:05:01Z,,,,,,,
55,low,69,850,90,10,job-matrix-mult-69,,2026-04-17T20:05:08Z,,,,,,,
56,low,56,710,93,14,job-matrix-mult-56,,2026-04-17T20:05:41Z,,,,,,,
57,low,93,1120,10,74,job-matrix-mult-93,,2026-04-17T20:05:46Z,,,,,,,
58,low,14,240,47,59,job-matrix-mult-14,,2026-04-17T20:06:44Z,,,,,,,
59,low,45,580,50,20,job-matrix-mult-45,,2026-04-17T20:08:58Z,,,,,,,
60,low,77,940,15,62,job-matrix-mult-77,,2026-04-17T20:11:42Z,,,,,,,
61,low,25,360,95,2,job-matrix-mult-25,,2026-04-17T20:12:04Z,,,,,,,
62,low,38,510,12,56,job-matrix-mult-38,,2026-04-17T20:13:26Z,,,,,,,
63,low,83,1010,14,83,job-matrix-mult-83,,2026-04-17T20:14:30Z,,,,,,,
64,low,64,790,100,8,job-matrix-mult-64,,2026-04-17T20:14:40Z,,,,,,,
65,low,44,570,33,58,job-matrix-mult-44,,2026-04-17T20:20:32Z,,,,,,,
66,low,61,760,60,30,job-matrix-mult-61,,2026-04-17T20:23:11Z,,,,,,,
67,low,76,930,67,33,job-matrix-mult-76,,2026-04-17T20:25:31Z,,,,,,,
68,low,72,880,58,41,job-matrix-mult-72,,2026-04-17T20:29:47Z,,,,,,,
69,low,35,470,21,73,job-matrix-mult-35,,2026-04-17T20:32:09Z,,,,,,,
70,low,78,950,86,2,job-matrix-mult-78,,2026-04-17T20:33:28Z,,,,,,,
71,low,52,660,18,68,job-matrix-mult-52,,2026-04-17T20:35:17Z,,,,,,,
72,low,9,800,2,78,job-matrix-mult-9,,2026-04-17T20:35:26Z,,,,,,,
73,low,58,730,34,54,job-matrix-mult-58,,2026-04-17T20:36:47Z,,,,,,,
74,low,40,530,43,85,job-matrix-mult-40,,2026-04-17T20:36:52Z,,,,,,,
75,low,92,1110,77,21,job-matrix-mult-92,,2026-04-17T20:37:23Z,,,,,,,
76,low,84,1020,96,11,job-matrix-mult-84,,2026-04-17T20:38:58Z,,,,,,,
77,low,96,1150,69,4,job-matrix-mult-96,,2026-04-17T20:40:16Z,,,,,,,
78,low,39,520,97,4,job-matrix-mult-39,,2026-04-17T20:40:16Z,,,,,,,
79,low,73,890,19,76,job-matrix-mult-73,,2026-04-17T20:41:20Z,,,,,,,
80,low,51,650,49,26,job-matrix-mult-51,,2026-04-17T20:41:59Z,,,,,,,
81,low,24,350,14,66,job-matrix-mult-24,,2026-04-17T20:43:15Z,,,,,,,
82,low,33,450,55,6,job-matrix-mult-33,,2026-04-17T20:43:16Z,,,,,,,
83,low,70,860,44,16,job-matrix-mult-70,,2026-04-17T20:45:20Z,,,,,,,
84,low,95,1140,32,61,job-matrix-mult-95,,2026-04-17T20:48:18Z,,,,,,,
85,low,65,810,3,94,job-matrix-mult-65,,2026-04-17T20:49:51Z,,,,,,,
86,low,80,970,53,18,job-matrix-mult-80,,2026-04-17T20:52:15Z,,,,,,,
87,low,6,300,6,21,job-matrix-mult-6,,2026-04-17T20:52:21Z,,,,,,,
88,low,26,370,28,61,job-matrix-mult-26,,2026-04-17T20:56:52Z,,,,,,,
89,low,53,670,85,5,job-matrix-mult-53,,2026-04-17T21:00:28Z,,,,,,,
90,low,30,420,70,11,job-matrix-mult-30,,2026-04-17T21:02:41Z,,,,,,,
91,low,94,1130,59,35,job-matrix-mult-94,,2026-04-17T21:03:36Z,,,,,,,
92,low,36,480,65,34,job-matrix-mult-36,,2026-04-17T21:03:47Z,,,,,,,
93,low,60,750,27,71,job-matrix-mult-60,,2026-04-17T21:04:12Z,,,,,,,
94,low,10,900,80,30,job-matrix-mult-10,,2026-04-17T21:07:04Z,,,,,,,
95,low,89,1070,8,95,job-matrix-mult-89,,2026-04-17T21:10:59Z,,,,,,,
96,low,55,690,29,63,job-matrix-mult-55,,2026-04-17T21:10:59Z,,,,,,,
97,low,34,460,92,27,job-matrix-mult-34,,2026-04-17T21:13:28Z,,,,,,,
98,low,19,290,68,25,job-matrix-mult-19,,2026-04-17T21:13:46Z,,,,,,,
99,low,29,410,39,52,job-matrix-mult-29,,2026-04-17T21:15:53Z,,,,,,,
100,low,66,820,79,22,job-matrix-mult-66,,2026-04-17T21:18:27Z,,,,,,,